TRANS_DATE,DATE,HOUR,SHIP_TO,VOLUME,TRANSACTION_AMT,TRANSACTION_COUNT
2/21/2025,20250221,0,899387,83.447,218.76,9
2/21/2025,20250221,1,899387,127.41,356.49,13
2/21/2025,20250221,2,899387,75.725,208.68,8
2/21/2025,20250221,3,899387,104.387,275.03,12
2/21/2025,20250221,4,899387,125.895,329.54,12
2/21/2025,20250221,5,899387,219.999,589.42,27
2/21/2025,20250221,6,899387,501.448,1393.08,41
2/21/2025,20250221,7,899387,1053.078,2875.45,84
2/21/2025,20250221,8,899387,713.395,1921.49,61
2/21/2025,20250221,9,899387,756.195,2004.26,66
2/21/2025,20250221,10,899387,614.729,1663.24,64
2/21/2025,20250221,11,899387,708.532,1917.97,70
2/21/2025,20250221,12,899387,966.55,2620.27,90
2/21/2025,20250221,13,899387,983.248,2748.05,87
2/21/2025,20250221,14,899387,811.738,2213.72,79
2/21/2025,20250221,15,899387,985.338,2748.95,92
2/21/2025,20250221,16,899387,917.597,2535.15,90
2/21/2025,20250221,17,899387,957.49,2680.17,95
2/21/2025,20250221,18,899387,948.12,2562.39,90
2/21/2025,20250221,19,899387,574.616,1594.66,53
2/21/2025,20250221,20,899387,356.341,983.99,43
2/21/2025,20250221,21,899387,457.739,1259.54,40
2/21/2025,20250221,22,899387,291.726,800.64,30
2/21/2025,20250221,23,899387,181.049,507.2,17
2/22/2025,20250222,0,899387,159.083,423.19,17
2/22/2025,20250222,1,899387,90.493,256.58,11
2/22/2025,20250222,2,899387,110.354,297.44,15
2/22/2025,20250222,3,899387,121.219,336.79,12
2/22/2025,20250222,4,899387,146.833,410.96,17
2/22/2025,20250222,5,899387,109.768,314.93,12
2/22/2025,20250222,6,899387,169.595,462.63,17
2/22/2025,20250222,7,899387,483.83,1310.8,41
2/22/2025,20250222,8,899387,498.444,1379.35,41
2/22/2025,20250222,9,899387,736.434,2087.18,66
2/22/2025,20250222,10,899387,868.604,2347.16,73
2/22/2025,20250222,11,899387,793.007,2172.98,79
2/22/2025,20250222,12,899387,903.552,2502.11,80
2/22/2025,20250222,13,899387,617.379,1665.56,59
2/22/2025,20250222,14,899387,829.048,2286.75,79
2/22/2025,20250222,15,899387,861.77,2416.45,81
2/22/2025,20250222,16,899387,672.928,1888.94,70
2/22/2025,20250222,17,899387,530.502,1478.05,59
2/22/2025,20250222,18,899387,645.972,1783.47,57
2/22/2025,20250222,19,899387,565.074,1534.32,57
2/22/2025,20250222,20,899387,382.717,1040.41,39
2/22/2025,20250222,21,899387,357.916,968.94,36
2/22/2025,20250222,22,899387,212.374,580.18,25
2/22/2025,20250222,23,899387,151.202,432.34,21
2/23/2025,20250223,0,899387,133.364,366.06,16
2/23/2025,20250223,1,899387,147.343,400.89,19
2/23/2025,20250223,2,899387,102.661,272.37,14
2/23/2025,20250223,3,899387,63.944,186.15,6
2/23/2025,20250223,4,899387,109.83,291.5,12
2/23/2025,20250223,5,899387,109.177,284.9,12
2/23/2025,20250223,6,899387,110.453,312.36,16
2/23/2025,20250223,7,899387,463.261,1365.3,27
2/23/2025,20250223,8,899387,196.569,531.71,22
2/23/2025,20250223,9,899387,487.316,1320.11,48
2/23/2025,20250223,10,899387,665.636,1819.93,59
2/23/2025,20250223,11,899387,836.581,2328.74,75
2/23/2025,20250223,12,899387,1068.675,2945.75,88
2/23/2025,20250223,13,899387,927.914,2548.85,88
2/23/2025,20250223,14,899387,701.852,1913.29,67
2/23/2025,20250223,15,899387,928.529,2572.35,87
2/23/2025,20250223,16,899387,659.178,1791.43,65
2/23/2025,20250223,17,899387,648.36,1791.87,63
2/23/2025,20250223,18,899387,889.912,2449.64,89
2/23/2025,20250223,19,899387,695.647,1913.74,70
2/23/2025,20250223,20,899387,534.193,1459.67,50
2/23/2025,20250223,21,899387,260.905,725,32
2/23/2025,20250223,22,899387,267.702,734.01,27
2/23/2025,20250223,23,899387,146.707,404.64,16
2/24/2025,20250224,0,899387,132.622,352.78,14
2/24/2025,20250224,1,899387,107.705,298.71,11
2/24/2025,20250224,2,899387,62.515,176.29,9
2/24/2025,20250224,3,899387,24.903,65.76,5
2/24/2025,20250224,4,899387,186.855,521.69,15
2/24/2025,20250224,5,899387,256.976,704.87,25
2/24/2025,20250224,6,899387,528.053,1450.44,43
2/24/2025,20250224,7,899387,741.673,2061.99,56
2/24/2025,20250224,8,899387,755.112,1991.53,67
2/24/2025,20250224,9,899387,451.163,1231.86,42
2/24/2025,20250224,10,899387,678.336,1857.65,57
2/24/2025,20250224,11,899387,1024.645,2859.63,82
2/24/2025,20250224,12,899387,1082.111,3003.61,94
2/24/2025,20250224,13,899387,1000.837,2798.73,91
2/24/2025,20250224,14,899387,824.442,2297.52,77
2/24/2025,20250224,15,899387,738.42,2063.86,72
2/24/2025,20250224,16,899387,1041.896,2801.08,87
2/24/2025,20250224,17,899387,1127.392,3091.69,92
2/24/2025,20250224,18,899387,882.51,2411.23,75
2/24/2025,20250224,19,899387,550.297,1490.62,55
2/24/2025,20250224,20,899387,473.001,1315.61,51
2/24/2025,20250224,21,899387,280.468,790.4,26
2/24/2025,20250224,22,899387,217.459,583.34,26
2/24/2025,20250224,23,899387,131.579,359.82,17
2/25/2025,20250225,0,899387,187.643,536.19,18
2/25/2025,20250225,1,899387,86.276,238.39,6
2/25/2025,20250225,2,899387,79.316,204.16,7
2/25/2025,20250225,3,899387,97.662,264.53,9
2/25/2025,20250225,4,899387,261.815,725.14,22
2/25/2025,20250225,5,899387,208.214,537.77,22
2/25/2025,20250225,6,899387,393.04,1026.11,40
2/25/2025,20250225,7,899387,567.086,1648.58,42
2/25/2025,20250225,8,899387,641.289,1769.65,63
2/25/2025,20250225,9,899387,630.469,1697.87,60
2/25/2025,20250225,10,899387,601.462,1639.84,54
2/25/2025,20250225,11,899387,983.264,2732.62,78
2/25/2025,20250225,12,899387,1099.979,3025.77,96
2/25/2025,20250225,13,899387,768.031,2073.34,72
2/25/2025,20250225,14,899387,846.931,2336.88,78
2/25/2025,20250225,15,899387,887.102,2420.32,80
2/25/2025,20250225,16,899387,871.489,2340.02,85
2/25/2025,20250225,17,899387,989.271,2726.88,79
2/25/2025,20250225,18,899387,663.548,1787.36,63
2/25/2025,20250225,19,899387,677.378,1817.08,72
2/25/2025,20250225,20,899387,416.163,1137.79,45
2/25/2025,20250225,21,899387,344.271,931.92,36
2/25/2025,20250225,22,899387,271.955,731.15,32
2/25/2025,20250225,23,899387,190.563,526.25,22
2/26/2025,20250226,0,899387,115.696,327.97,14
2/26/2025,20250226,1,899387,105.157,299.73,9
2/26/2025,20250226,2,899387,68.074,182.89,8
2/26/2025,20250226,3,899387,93.319,249.42,13
2/26/2025,20250226,4,899387,126.98,328.42,13
2/26/2025,20250226,5,899387,415.589,1146.03,34
2/26/2025,20250226,6,899387,467.25,1255.03,44
2/26/2025,20250226,7,899387,789.311,2221.63,66
2/26/2025,20250226,8,899387,679.289,1823.92,66
2/26/2025,20250226,9,899387,575.017,1526.61,51
2/26/2025,20250226,10,899387,593.685,1541.97,61
2/26/2025,20250226,11,899387,1027.925,2739.78,83
2/26/2025,20250226,12,899387,886.971,2335.66,73
2/26/2025,20250226,13,899387,786.212,2045.48,75
2/26/2025,20250226,14,899387,812.812,2180.37,71
2/26/2025,20250226,15,899387,973.262,2544.81,88
2/26/2025,20250226,16,899387,1128.562,3002.4,95
2/26/2025,20250226,17,899387,1048.715,2728.3,100
2/26/2025,20250226,18,899387,997.405,2508.62,83
2/26/2025,20250226,19,899387,715.521,1861.52,69
2/26/2025,20250226,20,899387,630.03,1644.68,62
2/26/2025,20250226,21,899387,481.943,1267.4,54
2/26/2025,20250226,22,899387,435.975,1099.98,44
2/26/2025,20250226,23,899387,197.699,525.17,22
2/27/2025,20250227,0,899387,108.089,287.63,12
2/27/2025,20250227,1,899387,73.313,189.74,10
2/27/2025,20250227,2,899387,73.18,188.68,10
2/27/2025,20250227,3,899387,108.861,276.14,12
2/27/2025,20250227,4,899387,115.403,305.78,14
2/27/2025,20250227,5,899387,443.836,1177.04,35
2/27/2025,20250227,6,899387,632.401,1625.54,53
2/27/2025,20250227,7,899387,892.673,2377.58,70
2/27/2025,20250227,8,899387,983.467,2523.35,80
2/27/2025,20250227,9,899387,742.063,1987.3,61
2/27/2025,20250227,10,899387,596.286,1558.35,60
2/27/2025,20250227,11,899387,933.324,2422.39,79
2/27/2025,20250227,12,899387,933.191,2383.37,88
2/27/2025,20250227,13,899387,630.747,1642.72,57
2/27/2025,20250227,14,899387,989.346,2729.66,86
2/27/2025,20250227,15,899387,781.228,2058.9,75
2/27/2025,20250227,16,899387,865.799,2301.76,77
2/27/2025,20250227,17,899387,1113.204,2953.54,88
2/27/2025,20250227,18,899387,989.028,2624.99,93
2/27/2025,20250227,19,899387,875.35,2267.99,84
2/27/2025,20250227,20,899387,698.262,1831.08,70
2/27/2025,20250227,21,899387,528.892,1403.22,54
2/27/2025,20250227,22,899387,345.969,891.77,39
2/27/2025,20250227,23,899387,271.63,723.79,27
2/28/2025,20250228,0,899387,95.111,239.65,10
2/28/2025,20250228,1,899387,83.816,226.31,7
2/28/2025,20250228,2,899387,78.337,197.85,12
2/28/2025,20250228,3,899387,108.346,284.45,14
2/28/2025,20250228,4,899387,169.327,479.52,14
2/28/2025,20250228,5,899387,239.703,623.58,26
2/28/2025,20250228,6,899387,604.703,1609.71,47
2/28/2025,20250228,7,899387,1066.191,2880.8,67
2/28/2025,20250228,8,899387,790.731,2083.7,70
2/28/2025,20250228,9,899387,679.341,1813.28,62
2/28/2025,20250228,10,899387,937.767,2482.9,76
2/28/2025,20250228,11,899387,914.159,2408.29,86
2/28/2025,20250228,12,899387,824.509,2191.7,72
2/28/2025,20250228,13,899387,977.255,2576.07,86
2/28/2025,20250228,14,899387,1004.584,2685.12,87
2/28/2025,20250228,15,899387,929.934,2456.87,79
2/28/2025,20250228,16,899387,983.706,2550.3,85
2/28/2025,20250228,17,899387,973.752,2573.77,85
2/28/2025,20250228,18,899387,1016.1,2679.3,89
2/28/2025,20250228,19,899387,612.057,1596.35,55
2/28/2025,20250228,20,899387,653.059,1719.09,62
2/28/2025,20250228,21,899387,644.063,1745.69,60
2/28/2025,20250228,22,899387,315.838,814.2,31
2/28/2025,20250228,23,899387,261.082,702.41,27
3/1/2025,20250301,0,899387,140.388,370.05,16
3/1/2025,20250301,1,899387,101.773,277.35,13
3/1/2025,20250301,2,899387,120.589,320.56,15
3/1/2025,20250301,3,899387,67.181,183.64,8
3/1/2025,20250301,4,899387,201.99,523.86,20
3/1/2025,20250301,5,899387,129.059,352.56,12
3/1/2025,20250301,6,899387,309.589,856.21,21
3/1/2025,20250301,7,899387,542.459,1499.2,42
3/1/2025,20250301,8,899387,454.456,1162.11,44
3/1/2025,20250301,9,899387,763.692,2021.61,72
3/1/2025,20250301,10,899387,1079.907,2881.54,93
3/1/2025,20250301,11,899387,919.813,2421.37,84
3/1/2025,20250301,12,899387,1005.25,2641.88,91
3/1/2025,20250301,13,899387,1155.831,3061.9,98
3/1/2025,20250301,14,899387,861.483,2286.7,78
3/1/2025,20250301,15,899387,942.491,2462.46,80
3/1/2025,20250301,16,899387,848.383,2274.83,80
3/1/2025,20250301,17,899387,919.725,2451.65,84
3/1/2025,20250301,18,899387,663.746,1740.68,67
3/1/2025,20250301,19,899387,515.273,1371.51,45
3/1/2025,20250301,20,899387,363.792,972.61,37
3/1/2025,20250301,21,899387,422.453,1104.43,45
3/1/2025,20250301,22,899387,378.73,1017.75,39
3/1/2025,20250301,23,899387,215.148,572.38,26
3/2/2025,20250302,0,899387,204.923,537.67,23
3/2/2025,20250302,1,899387,95.749,245.71,11
3/2/2025,20250302,2,899387,120.272,305.63,9
3/2/2025,20250302,3,899387,99.38,259.11,10
3/2/2025,20250302,4,899387,72.163,188.17,9
3/2/2025,20250302,5,899387,98.677,257.07,10
3/2/2025,20250302,6,899387,165.099,455.44,19
3/2/2025,20250302,7,899387,304.654,803.7,29
3/2/2025,20250302,8,899387,393.59,1046.05,39
3/2/2025,20250302,9,899387,514.539,1353.77,51
3/2/2025,20250302,10,899387,748.843,1968.39,72
3/2/2025,20250302,11,899387,734.845,1964.06,71
3/2/2025,20250302,12,899387,987.732,2631.23,85
3/2/2025,20250302,13,899387,1021.266,2697.21,99
3/2/2025,20250302,14,899387,840.278,2228.09,74
3/2/2025,20250302,15,899387,855.235,2320.64,80
3/2/2025,20250302,16,899387,847.993,2259.4,77
3/2/2025,20250302,17,899387,948.484,2541.62,86
3/2/2025,20250302,18,899387,851.01,2268.33,75
3/2/2025,20250302,19,899387,829.511,2271.83,75
3/2/2025,20250302,20,899387,543.083,1466.58,52
3/2/2025,20250302,21,899387,317.019,842.98,36
3/2/2025,20250302,22,899387,236.571,617.66,30
3/2/2025,20250302,23,899387,189.888,490.11,24
3/3/2025,20250303,0,899387,42.691,109.95,6
3/3/2025,20250303,1,899387,134.364,358.56,16
3/3/2025,20250303,2,899387,59.826,160.42,10
3/3/2025,20250303,3,899387,146.211,371.48,14
3/3/2025,20250303,4,899387,164.382,436.91,16
3/3/2025,20250303,5,899387,324.646,862.12,26
3/3/2025,20250303,6,899387,534.086,1430.28,48
3/3/2025,20250303,7,899387,1035.677,2716,68
3/3/2025,20250303,8,899387,574.033,1535.28,51
3/3/2025,20250303,9,899387,350.401,946.64,34
3/3/2025,20250303,10,899387,735.557,1995,61
3/3/2025,20250303,11,899387,768.712,2069.91,70
3/3/2025,20250303,12,899387,813.079,2180.47,70
3/3/2025,20250303,13,899387,875.133,2307.17,79
3/3/2025,20250303,14,899387,779.641,2088.76,78
3/3/2025,20250303,15,899387,566.167,1489.3,60
3/3/2025,20250303,16,899387,835.199,2238.22,78
3/3/2025,20250303,17,899387,803.489,2160.11,72
3/3/2025,20250303,18,899387,799.064,2166.86,74
3/3/2025,20250303,19,899387,557.976,1518.61,53
3/3/2025,20250303,20,899387,444.959,1183.93,48
3/3/2025,20250303,21,899387,213.182,585.6,28
3/3/2025,20250303,22,899387,261.678,698.58,27
3/3/2025,20250303,23,899387,249.552,687.04,26
3/4/2025,20250304,0,899387,162.808,446.48,19
3/4/2025,20250304,1,899387,30.871,89.66,3
3/4/2025,20250304,2,899387,145.73,370.61,17
3/4/2025,20250304,3,899387,56.984,147.71,7
3/4/2025,20250304,4,899387,173.342,455.24,16
3/4/2025,20250304,5,899387,249.494,624.32,29
3/4/2025,20250304,6,899387,639.924,1702.02,50
3/4/2025,20250304,7,899387,838.143,2303.11,59
3/4/2025,20250304,8,899387,621.379,1650.03,52
3/4/2025,20250304,9,899387,511.19,1360.91,48
3/4/2025,20250304,10,899387,547.411,1490.41,55
3/4/2025,20250304,11,899387,847.039,2351.96,74
3/4/2025,20250304,12,899387,895.27,2388.17,68
3/4/2025,20250304,13,899387,893.853,2454.25,69
3/4/2025,20250304,14,899387,705.808,1931.75,62
3/4/2025,20250304,15,899387,822.289,2204.75,81
3/4/2025,20250304,16,899387,999.553,2685.94,87
3/4/2025,20250304,17,899387,1194.346,3192.18,110
3/4/2025,20250304,18,899387,836.244,2265.08,73
3/4/2025,20250304,19,899387,663.591,1803.9,59
3/4/2025,20250304,20,899387,602.309,1649.84,59
3/4/2025,20250304,21,899387,456.994,1217.04,44
3/4/2025,20250304,22,899387,361.334,982.52,39
3/4/2025,20250304,23,899387,263.738,735.98,25
3/5/2025,20250305,0,899387,140.651,385.95,17
3/5/2025,20250305,1,899387,80.703,217.61,11
3/5/2025,20250305,2,899387,56.894,153.12,5
3/5/2025,20250305,3,899387,96.688,279.38,10
3/5/2025,20250305,4,899387,94.858,254.33,11
3/5/2025,20250305,5,899387,299.653,804.45,31
3/5/2025,20250305,6,899387,442.312,1191.87,38
3/5/2025,20250305,7,899387,944.582,2559.23,68
3/5/2025,20250305,8,899387,786.898,2129.87,66
3/5/2025,20250305,9,899387,646.645,1707.77,65
3/5/2025,20250305,10,899387,597.048,1680.1,50
3/5/2025,20250305,11,899387,887.84,2465.14,80
3/5/2025,20250305,12,899387,1163.195,3154.01,90
3/5/2025,20250305,13,899387,897.051,2427.49,82
3/5/2025,20250305,14,899387,726.855,1966.7,65
3/5/2025,20250305,15,899387,718.613,1959.25,60
3/5/2025,20250305,16,899387,826.876,2277.42,74
3/5/2025,20250305,17,899387,968.927,2714.53,86
3/5/2025,20250305,18,899387,763.61,2092.87,62
3/5/2025,20250305,19,899387,665.806,1861.32,64
3/5/2025,20250305,20,899387,643.898,1759.31,58
3/5/2025,20250305,21,899387,374.903,1027.26,42
3/5/2025,20250305,22,899387,276.259,744.5,26
3/5/2025,20250305,23,899387,200.208,538.58,21
3/6/2025,20250306,0,899387,113.696,301.7,17
3/6/2025,20250306,1,899387,92.529,247.55,13
3/6/2025,20250306,2,899387,112.081,300.26,11
3/6/2025,20250306,3,899387,153.419,420.4,15
3/6/2025,20250306,4,899387,104.971,288.87,13
3/6/2025,20250306,5,899387,347.798,921.15,29
3/6/2025,20250306,6,899387,545.534,1514.69,50
3/6/2025,20250306,7,899387,954.205,2657.98,63
3/6/2025,20250306,8,899387,714.712,1902.98,61
3/6/2025,20250306,9,899387,510.231,1407.83,52
3/6/2025,20250306,10,899387,609.677,1631.51,56
3/6/2025,20250306,11,899387,839.73,2308.84,72
3/6/2025,20250306,12,899387,949.285,2663.11,78
3/6/2025,20250306,13,899387,876.01,2452.75,76
3/6/2025,20250306,14,899387,791.972,2139.81,74
3/6/2025,20250306,15,899387,753.122,2058.14,60
3/6/2025,20250306,16,899387,1068.492,2924.18,95
3/6/2025,20250306,17,899387,891.648,2421.06,86
3/6/2025,20250306,18,899387,806.615,2179.97,76
3/6/2025,20250306,19,899387,536.006,1456.34,55
3/6/2025,20250306,20,899387,529.395,1499.35,49
3/6/2025,20250306,21,899387,264.452,746.67,28
3/6/2025,20250306,22,899387,266.891,698.1,27
3/6/2025,20250306,23,899387,103.725,287.01,17
3/7/2025,20250307,0,899387,86.413,225.59,10
3/7/2025,20250307,1,899387,118.238,313.9,12
3/7/2025,20250307,2,899387,40.623,105.28,6
3/7/2025,20250307,3,899387,48.307,138.61,6
3/7/2025,20250307,4,899387,192.712,536.08,17
3/7/2025,20250307,5,899387,313.017,846.71,30
3/7/2025,20250307,6,899387,508.216,1361.64,50
3/7/2025,20250307,7,899387,1017.636,2842.5,79
3/7/2025,20250307,8,899387,877.522,2396.37,74
3/7/2025,20250307,9,899387,708.612,1930.46,61
3/7/2025,20250307,10,899387,717.139,1989.45,56
3/7/2025,20250307,11,899387,851.471,2314.89,75
3/7/2025,20250307,12,899387,1006.273,2828.63,80
3/7/2025,20250307,13,899387,996.535,2758.82,84
3/7/2025,20250307,14,899387,1033.779,2802.93,81
3/7/2025,20250307,15,899387,940.959,2599.63,89
3/7/2025,20250307,16,899387,862.705,2293.59,82
3/7/2025,20250307,17,899387,897.666,2465.65,82
3/7/2025,20250307,18,899387,769.513,2094.92,70
3/7/2025,20250307,19,899387,584.332,1614.07,54
3/7/2025,20250307,20,899387,424.217,1133.34,41
3/7/2025,20250307,21,899387,384.836,1025.65,39
3/7/2025,20250307,22,899387,271.009,723.35,35
3/7/2025,20250307,23,899387,201.424,554.39,26
3/8/2025,20250308,0,899387,97.897,274.63,12
3/8/2025,20250308,1,899387,111.094,309.14,12
3/8/2025,20250308,2,899387,43.518,113.38,7
3/8/2025,20250308,3,899387,105.764,281.31,11
3/8/2025,20250308,4,899387,137.316,377.25,14
3/8/2025,20250308,5,899387,174.385,459.19,18
3/8/2025,20250308,6,899387,216.835,598.29,21
3/8/2025,20250308,7,899387,285.519,779.46,28
3/8/2025,20250308,8,899387,452.08,1211.01,40
3/8/2025,20250308,9,899387,693.302,1902.84,57
3/8/2025,20250308,10,899387,719.932,1999.76,69
3/8/2025,20250308,11,899387,866.716,2381.51,71
3/8/2025,20250308,12,899387,787.262,2153.41,72
3/8/2025,20250308,13,899387,778.151,2159.23,75
3/8/2025,20250308,14,899387,925.284,2548.24,85
3/8/2025,20250308,15,899387,747.579,2037.65,73
3/8/2025,20250308,16,899387,741.061,2053.14,67
3/8/2025,20250308,17,899387,737.512,2067.59,69
3/8/2025,20250308,18,899387,778.007,2083.48,68
3/8/2025,20250308,19,899387,438.743,1186.11,45
3/8/2025,20250308,20,899387,431.1,1141.16,47
3/8/2025,20250308,21,899387,269.848,722.69,30
3/8/2025,20250308,22,899387,294.299,805.03,29
3/8/2025,20250308,23,899387,295.347,801.01,31
3/9/2025,20250309,0,899387,169.073,468.27,14
3/9/2025,20250309,1,899387,66.116,176.18,9
3/9/2025,20250309,3,899387,80.916,216.56,9
3/9/2025,20250309,4,899387,102.776,270.64,11
3/9/2025,20250309,5,899387,53.828,148.8,6
3/9/2025,20250309,6,899387,72.584,192.44,8
3/9/2025,20250309,7,899387,153.438,429.08,17
3/9/2025,20250309,8,899387,178.511,459.91,17
3/9/2025,20250309,9,899387,312.221,864.28,33
3/9/2025,20250309,10,899387,512.055,1421.29,53
3/9/2025,20250309,11,899387,412.843,1150.07,37
3/9/2025,20250309,12,899387,826.268,2232.4,76
3/9/2025,20250309,13,899387,764.058,2078.7,76
3/9/2025,20250309,14,899387,907.065,2483.1,84
3/9/2025,20250309,15,899387,622.03,1706.59,65
3/9/2025,20250309,16,899387,572.793,1569.35,60
3/9/2025,20250309,17,899387,860.353,2320.54,80
3/9/2025,20250309,18,899387,479.592,1308.53,50
3/9/2025,20250309,19,899387,453.06,1235.42,44
3/9/2025,20250309,20,899387,335.163,925.04,38
3/9/2025,20250309,21,899387,344.125,911.92,46
3/9/2025,20250309,22,899387,282.166,753.58,31
3/9/2025,20250309,23,899387,204.895,552.78,20
3/10/2025,20250310,0,899387,196.029,553.04,22
3/10/2025,20250310,1,899387,69.51,180.84,9
3/10/2025,20250310,2,899387,87.226,240.32,10
3/10/2025,20250310,3,899387,144.547,395.76,14
3/10/2025,20250310,4,899387,131.615,376.33,13
3/10/2025,20250310,5,899387,220.449,578.3,22
3/10/2025,20250310,6,899387,420.054,1136.19,40
3/10/2025,20250310,7,899387,862.846,2373.86,58
3/10/2025,20250310,8,899387,439.931,1173.6,38
3/10/2025,20250310,9,899387,557.63,1465.08,49
3/10/2025,20250310,10,899387,486.474,1314.45,48
3/10/2025,20250310,11,899387,741.73,2009.81,77
3/10/2025,20250310,12,899387,771.377,2104.98,68
3/10/2025,20250310,13,899387,642.222,1753.63,63
3/10/2025,20250310,14,899387,785.95,2101.55,68
3/10/2025,20250310,15,899387,673.74,1798.88,62
3/10/2025,20250310,16,899387,738.019,2006.72,72
3/10/2025,20250310,17,899387,770.902,2021.81,68
3/10/2025,20250310,18,899387,766.542,2030.26,69
3/10/2025,20250310,19,899387,633.888,1686.37,67
3/10/2025,20250310,20,899387,360.098,1029.34,36
3/10/2025,20250310,21,899387,333.902,902.11,32
3/10/2025,20250310,22,899387,236.083,645.77,27
3/10/2025,20250310,23,899387,214.6,578.99,22
3/11/2025,20250311,0,899387,77.076,202.77,8
3/11/2025,20250311,1,899387,74.776,196.33,9
3/11/2025,20250311,2,899387,55.624,158.77,8
3/11/2025,20250311,3,899387,30.19,77.26,4
3/11/2025,20250311,4,899387,156.2,419.95,18
3/11/2025,20250311,5,899387,197.32,532.39,16
3/11/2025,20250311,6,899387,395.545,990.23,30
3/11/2025,20250311,7,899387,658.767,1861.78,44
3/11/2025,20250311,8,899387,522.228,1371.17,45
3/11/2025,20250311,9,899387,395.209,1090.13,34
3/11/2025,20250311,10,899387,722.797,1948.57,67
3/11/2025,20250311,11,899387,691.226,1886.94,66
3/11/2025,20250311,12,899387,848.456,2286.69,72
3/11/2025,20250311,13,899387,879.819,2346.09,77
3/11/2025,20250311,14,899387,779.818,2121.86,72
3/11/2025,20250311,15,899387,613.494,1691.09,58
3/11/2025,20250311,16,899387,926.547,2487.57,77
3/11/2025,20250311,17,899387,1005.136,2666.6,95
3/11/2025,20250311,18,899387,657.998,1724.57,63
3/11/2025,20250311,19,899387,698.533,1847.77,56
3/11/2025,20250311,20,899387,531.178,1414.42,49
3/11/2025,20250311,21,899387,387.447,1032.92,34
3/11/2025,20250311,22,899387,421.693,1118.53,42
3/11/2025,20250311,23,899387,152.204,405.9,22
3/12/2025,20250312,0,899387,104.065,283.7,14
3/12/2025,20250312,1,899387,59.347,160.01,8
3/12/2025,20250312,2,899387,57.292,148.63,6
3/12/2025,20250312,3,899387,136.423,361.9,14
3/12/2025,20250312,4,899387,196.295,559.2,15
3/12/2025,20250312,5,899387,213.855,566.86,23
3/12/2025,20250312,6,899387,494.388,1322.36,45
3/12/2025,20250312,7,899387,725.893,2028.81,47
3/12/2025,20250312,8,899387,396.056,1029.76,32
3/12/2025,20250312,9,899387,536.731,1448.8,48
3/12/2025,20250312,10,899387,457.271,1183.71,41
3/12/2025,20250312,11,899387,886.78,2334.19,74
3/12/2025,20250312,12,899387,775.818,2019.73,70
3/12/2025,20250312,13,899387,780.348,2043.47,71
3/12/2025,20250312,14,899387,922.395,2463.18,80
3/12/2025,20250312,15,899387,949.261,2501.55,84
3/12/2025,20250312,16,899387,909.141,2404.42,76
3/12/2025,20250312,17,899387,997.976,2660.65,94
3/12/2025,20250312,18,899387,753.89,1956.63,70
3/12/2025,20250312,19,899387,520.159,1341.18,52
3/12/2025,20250312,20,899387,612.526,1704.58,58
3/12/2025,20250312,21,899387,381.04,1015.34,38
3/12/2025,20250312,22,899387,372.825,957.77,37
3/12/2025,20250312,23,899387,251.891,629.31,28
3/13/2025,20250313,0,899387,131.007,339.72,14
3/13/2025,20250313,1,899387,99.113,256.67,11
3/13/2025,20250313,2,899387,131.16,337.13,12
3/13/2025,20250313,3,899387,82.848,211.25,11
3/13/2025,20250313,4,899387,95.864,240.8,11
3/13/2025,20250313,5,899387,216.019,539.01,22
3/13/2025,20250313,6,899387,594.523,1529.53,51
3/13/2025,20250313,7,899387,752.059,2061.54,58
3/13/2025,20250313,8,899387,427.957,1133.2,37
3/13/2025,20250313,9,899387,570.087,1544.31,48
3/13/2025,20250313,10,899387,752.016,2003.58,62
3/13/2025,20250313,11,899387,792.268,2093.62,67
3/13/2025,20250313,12,899387,924.082,2448.02,82
3/13/2025,20250313,13,899387,878.851,2357.83,73
3/13/2025,20250313,14,899387,693.755,1865.54,63
3/13/2025,20250313,15,899387,823.053,2126.39,74
3/13/2025,20250313,16,899387,835.184,2202.65,78
3/13/2025,20250313,17,899387,1091.898,2897.84,92
3/13/2025,20250313,18,899387,723.297,1895.68,72
3/13/2025,20250313,19,899387,520.484,1415.09,50
3/13/2025,20250313,20,899387,489.365,1299.92,46
3/13/2025,20250313,21,899387,432.78,1158.37,44
3/13/2025,20250313,22,899387,350.458,938.39,35
3/13/2025,20250313,23,899387,187.51,473.27,20
3/14/2025,20250314,0,899387,144.939,384.26,16
3/14/2025,20250314,1,899387,134.099,342.58,14
3/14/2025,20250314,2,899387,53.366,135.33,8
3/14/2025,20250314,3,899387,97.481,259.81,11
3/14/2025,20250314,4,899387,128.658,345.61,13
3/14/2025,20250314,5,899387,263.046,665.9,26
3/14/2025,20250314,6,899387,501.677,1337.99,35
3/14/2025,20250314,7,899387,693.074,1852.55,55
3/14/2025,20250314,8,899387,550.317,1440.03,45
3/14/2025,20250314,9,899387,644.173,1697.66,55
3/14/2025,20250314,10,899387,594.929,1554.86,63
3/14/2025,20250314,11,899387,805.328,2159.91,74
3/14/2025,20250314,12,899387,823.956,2223.01,74
3/14/2025,20250314,13,899387,747.44,1957.14,69
3/14/2025,20250314,14,899387,737.368,1950.59,67
3/14/2025,20250314,15,899387,774.88,2059.05,69
3/14/2025,20250314,16,899387,915.377,2417.85,73
3/14/2025,20250314,17,899387,839.617,2192.33,75
3/14/2025,20250314,18,899387,668.78,1785.27,65
3/14/2025,20250314,19,899387,706.748,1828.72,60
3/14/2025,20250314,20,899387,614.703,1626.17,63
3/14/2025,20250314,21,899387,398.679,1057.29,38
3/14/2025,20250314,22,899387,367.084,960.5,42
3/14/2025,20250314,23,899387,208.446,544.58,24
3/15/2025,20250315,0,899387,262.871,704.96,26
3/15/2025,20250315,1,899387,130.322,336.83,14
3/15/2025,20250315,2,899387,80.975,209.78,13
3/15/2025,20250315,3,899387,161.423,439.42,12
3/15/2025,20250315,4,899387,112.097,276.66,11
3/15/2025,20250315,5,899387,109.35,285.76,12
3/15/2025,20250315,6,899387,141.967,368.49,18
3/15/2025,20250315,7,899387,445.374,1230.87,34
3/15/2025,20250315,8,899387,401.177,1060.49,35
3/15/2025,20250315,9,899387,729.332,1945.93,67
3/15/2025,20250315,10,899387,590.327,1568.54,62
3/15/2025,20250315,11,899387,921.9,2442.04,86
3/15/2025,20250315,12,899387,1131.498,2978.49,96
3/15/2025,20250315,13,899387,923.275,2396.08,85
3/15/2025,20250315,14,899387,677.224,1836.02,61
3/15/2025,20250315,15,899387,849.738,2253.78,91
3/15/2025,20250315,16,899387,694.824,1818.85,63
3/15/2025,20250315,17,899387,688.603,1778.75,63
3/15/2025,20250315,18,899387,679.858,1768.01,58
3/15/2025,20250315,19,899387,628.923,1639.72,60
3/15/2025,20250315,20,899387,541.995,1419.72,57
3/15/2025,20250315,21,899387,460.546,1251.19,43
3/15/2025,20250315,22,899387,227.879,598.45,27
3/15/2025,20250315,23,899387,347.639,910.6,32
3/16/2025,20250316,0,899387,189.605,495.68,21
3/16/2025,20250316,1,899387,74.079,209.36,7
3/16/2025,20250316,2,899387,82.889,225.07,8
3/16/2025,20250316,3,899387,65.617,179.26,11
3/16/2025,20250316,4,899387,39.991,104.23,5
3/16/2025,20250316,5,899387,114.508,307.21,11
3/16/2025,20250316,6,899387,87.764,234.1,8
3/16/2025,20250316,7,899387,191.58,508.81,21
3/16/2025,20250316,8,899387,191.177,520.35,18
3/16/2025,20250316,9,899387,396.745,1042.33,44
3/16/2025,20250316,10,899387,830.676,2221.62,75
3/16/2025,20250316,11,899387,778.704,2052.63,70
3/16/2025,20250316,12,899387,809.491,2137.48,73
3/16/2025,20250316,13,899387,872.651,2263.58,87
3/16/2025,20250316,14,899387,979.056,2579.21,85
3/16/2025,20250316,15,899387,895.273,2378.2,79
3/16/2025,20250316,16,899387,687.11,1849.03,69
3/16/2025,20250316,17,899387,988.368,2581.99,89
3/16/2025,20250316,18,899387,584.219,1555.28,55
3/16/2025,20250316,19,899387,579.298,1556.14,52
3/16/2025,20250316,20,899387,569.227,1492.08,52
3/16/2025,20250316,21,899387,401.839,1095.33,36
3/16/2025,20250316,22,899387,322.438,836.31,35
3/16/2025,20250316,23,899387,207.223,529,22
3/17/2025,20250317,0,899387,187.368,484.04,19
3/17/2025,20250317,1,899387,110.972,284.94,11
3/17/2025,20250317,2,899387,84.305,213.75,7
3/17/2025,20250317,3,899387,47.331,126.27,5
3/17/2025,20250317,4,899387,101.681,275.32,10
3/17/2025,20250317,5,899387,350.708,935.96,28
3/17/2025,20250317,6,899387,390.392,995.51,31
3/17/2025,20250317,7,899387,955.084,2625.3,63
3/17/2025,20250317,8,899387,665.574,1740.13,47
3/17/2025,20250317,9,899387,483.353,1262,48
3/17/2025,20250317,10,899387,499.963,1295.72,46
3/17/2025,20250317,11,899387,800.594,2165.84,65
3/17/2025,20250317,12,899387,951.53,2502.82,79
3/17/2025,20250317,13,899387,1040.377,2836.48,76
3/17/2025,20250317,14,899387,973.989,2635.15,84
3/17/2025,20250317,15,899387,847.007,2194.09,64
3/17/2025,20250317,16,899387,881.372,2297.4,77
3/17/2025,20250317,17,899387,1013.157,2668.15,86
3/17/2025,20250317,18,899387,904.008,2383.01,84
3/17/2025,20250317,19,899387,570.981,1510.32,53
3/17/2025,20250317,20,899387,574.45,1504.03,59
3/17/2025,20250317,21,899387,447.414,1175.53,50
3/17/2025,20250317,22,899387,301.092,765.05,35
3/17/2025,20250317,23,899387,313.824,820.23,31
3/18/2025,20250318,0,899387,123.481,344.61,11
3/18/2025,20250318,1,899387,90.183,225.03,8
3/18/2025,20250318,2,899387,56.366,155.43,7
3/18/2025,20250318,3,899387,90.191,226.99,9
3/18/2025,20250318,4,899387,174.694,460.71,17
3/18/2025,20250318,5,899387,197.443,531.46,19
3/18/2025,20250318,6,899387,538.295,1421.56,44
3/18/2025,20250318,7,899387,811.523,2221.04,65
3/18/2025,20250318,8,899387,698.027,1842.26,59
3/18/2025,20250318,9,899387,700.055,1815.63,58
3/18/2025,20250318,10,899387,596.58,1572.42,52
3/18/2025,20250318,11,899387,975.776,2569.62,85
3/18/2025,20250318,12,899387,1003.161,2662.93,80
3/18/2025,20250318,13,899387,634.94,1684.33,65
3/18/2025,20250318,14,899387,665.74,1800.9,56
3/18/2025,20250318,15,899387,734.742,1954.27,64
3/18/2025,20250318,16,899387,1009.871,2667.23,90
3/18/2025,20250318,17,899387,1256.451,3297.27,107
3/18/2025,20250318,18,899387,941.693,2473.73,88
3/18/2025,20250318,19,899387,838.709,2186.14,71
3/18/2025,20250318,20,899387,652.607,1696.63,65
3/18/2025,20250318,21,899387,400.95,1051.02,36
3/18/2025,20250318,22,899387,274.552,721.02,30
3/18/2025,20250318,23,899387,151.42,387.7,19
3/19/2025,20250319,0,899387,133.58,372.78,15
3/19/2025,20250319,1,899387,102.526,280.76,9
3/19/2025,20250319,2,899387,63.523,169.67,7
3/19/2025,20250319,3,899387,83.1,229.83,9
3/19/2025,20250319,4,899387,120.813,327.76,13
3/19/2025,20250319,5,899387,428.03,1091.54,36
3/19/2025,20250319,6,899387,461.915,1195.03,39
3/19/2025,20250319,7,899387,991.547,2702.14,65
3/19/2025,20250319,8,899387,567.685,1533.16,47
3/19/2025,20250319,9,899387,663.764,1799.54,56
3/19/2025,20250319,10,899387,650.155,1700.91,62
3/19/2025,20250319,11,899387,966.392,2542.65,82
3/19/2025,20250319,12,899387,970.539,2583.71,81
3/19/2025,20250319,13,899387,871.394,2304.34,84
3/19/2025,20250319,14,899387,754.248,1965.18,66
3/19/2025,20250319,15,899387,846.979,2244.08,74
3/19/2025,20250319,16,899387,1083.893,2820.98,90
3/19/2025,20250319,17,899387,1084.126,2930.86,93
3/19/2025,20250319,18,899387,796.78,2114.73,74
3/19/2025,20250319,19,899387,701.333,1862.77,65
3/19/2025,20250319,20,899387,572.771,1500.88,56
3/19/2025,20250319,21,899387,313.369,811.61,33
3/19/2025,20250319,22,899387,268.1,703.37,31
3/19/2025,20250319,23,899387,258.427,710.56,25
3/20/2025,20250320,0,899387,127.754,335.88,17
3/20/2025,20250320,1,899387,117.475,306.05,11
3/20/2025,20250320,2,899387,65.729,164.03,9
3/20/2025,20250320,3,899387,85.68,231.58,8
3/20/2025,20250320,4,899387,183.303,498.13,12
3/20/2025,20250320,5,899387,329.724,879.55,33
3/20/2025,20250320,6,899387,667.923,1747.56,55
3/20/2025,20250320,7,899387,779.818,2145.91,54
3/20/2025,20250320,8,899387,452.49,1192.34,38
3/20/2025,20250320,9,899387,525.353,1400.4,48
3/20/2025,20250320,10,899387,882.216,2324.14,71
3/20/2025,20250320,11,899387,931.146,2487.22,82
3/20/2025,20250320,12,899387,1042.246,2753.41,83
3/20/2025,20250320,13,899387,752.722,2003.71,69
3/20/2025,20250320,14,899387,773.671,2078.08,70
3/20/2025,20250320,15,899387,832.112,2185.74,72
3/20/2025,20250320,16,899387,981.062,2559.64,95
3/20/2025,20250320,17,899387,1202.215,3169.84,117
3/20/2025,20250320,18,899387,1017.371,2678.19,89
3/20/2025,20250320,19,899387,627.39,1674.79,59
3/20/2025,20250320,20,899387,663.836,1767.31,68
3/20/2025,20250320,21,899387,455.445,1226.06,43
3/20/2025,20250320,22,899387,347.75,954.45,35
3/20/2025,20250320,23,899387,191.677,508.89,17
3/21/2025,20250321,0,899387,131.527,352.77,14
3/21/2025,20250321,1,899387,43.605,118.69,7
3/21/2025,20250321,2,899387,88.749,227.84,10
3/21/2025,20250321,3,899387,58.055,145.08,6
3/21/2025,20250321,4,899387,142.167,369.36,15
3/21/2025,20250321,5,899387,261.443,699.77,26
3/21/2025,20250321,6,899387,499.948,1300.68,40
3/21/2025,20250321,7,899387,664.664,1742.75,56
3/21/2025,20250321,8,899387,748.773,1981.88,60
3/21/2025,20250321,9,899387,689.975,1828.77,63
3/21/2025,20250321,10,899387,629.837,1691.4,55
3/21/2025,20250321,11,899387,732.161,1916.3,68
3/21/2025,20250321,12,899387,990.452,2599.73,83
3/21/2025,20250321,13,899387,949.022,2469.19,93
3/21/2025,20250321,14,899387,1051.313,2805.65,89
3/21/2025,20250321,15,899387,851.824,2277.64,73
3/21/2025,20250321,16,899387,1172.001,3109.76,99
3/21/2025,20250321,17,899387,952.407,2509.35,87
3/21/2025,20250321,18,899387,656.202,1746.09,65
3/21/2025,20250321,19,899387,686.989,1800.45,65
3/21/2025,20250321,20,899387,556.176,1514.78,55
3/21/2025,20250321,21,899387,461.625,1244.43,42
3/21/2025,20250321,22,899387,396.415,1033.81,39
3/21/2025,20250321,23,899387,224.626,557.68,24
3/22/2025,20250322,0,899387,138.059,350.18,15
3/22/2025,20250322,1,899387,140.848,364.52,16
3/22/2025,20250322,2,899387,91.986,243.56,9
3/22/2025,20250322,3,899387,67.438,174.92,10
3/22/2025,20250322,4,899387,108.149,277.76,11
3/22/2025,20250322,5,899387,226.402,592.7,20
3/22/2025,20250322,6,899387,198.651,500.21,20
3/22/2025,20250322,7,899387,429.254,1150.55,46
3/22/2025,20250322,8,899387,536.812,1418.73,49
3/22/2025,20250322,9,899387,832.811,2227.07,70
3/22/2025,20250322,10,899387,854.001,2292.02,78
3/22/2025,20250322,11,899387,988.864,2659.34,80
3/22/2025,20250322,12,899387,1015.66,2693.32,99
3/22/2025,20250322,13,899387,762.501,2059.65,67
3/22/2025,20250322,14,899387,824.68,2148.44,77
3/22/2025,20250322,15,899387,923.571,2438.72,86
3/22/2025,20250322,16,899387,844.079,2246.77,75
3/22/2025,20250322,17,899387,723.824,1984.97,71
3/22/2025,20250322,18,899387,562.539,1504.91,62
3/22/2025,20250322,19,899387,653.385,1778.44,66
3/22/2025,20250322,20,899387,364.05,940.67,35
3/22/2025,20250322,21,899387,363.368,956.75,37
3/22/2025,20250322,22,899387,356.733,951.36,37
3/22/2025,20250322,23,899387,230.64,592.16,24
3/23/2025,20250323,0,899387,326.809,903.49,30
3/23/2025,20250323,1,899387,164.9,434.21,16
3/23/2025,20250323,2,899387,145.702,385.74,15
3/23/2025,20250323,3,899387,70.644,173.37,9
3/23/2025,20250323,4,899387,71.65,187.58,8
3/23/2025,20250323,5,899387,61.833,166.8,9
3/23/2025,20250323,6,899387,123.384,323.16,13
3/23/2025,20250323,7,899387,217.368,563.34,22
3/23/2025,20250323,8,899387,287.859,771.24,29
3/23/2025,20250323,9,899387,618.746,1656.5,60
3/23/2025,20250323,10,899387,638.546,1705.01,58
3/23/2025,20250323,11,899387,996.8,2658.32,92
3/23/2025,20250323,12,899387,1149.785,2980.09,105
3/23/2025,20250323,13,899387,837.264,2175.49,75
3/23/2025,20250323,14,899387,912.93,2440.55,80
3/23/2025,20250323,15,899387,815.494,2187.09,77
3/23/2025,20250323,16,899387,866.986,2256.78,73
3/23/2025,20250323,17,899387,1004.764,2651.5,85
3/23/2025,20250323,18,899387,798.121,2119.5,72
3/23/2025,20250323,19,899387,709.561,1863.11,70
3/23/2025,20250323,20,899387,553.752,1423.23,53
3/23/2025,20250323,21,899387,454.503,1198.87,48
3/23/2025,20250323,22,899387,355.11,922.29,39
3/23/2025,20250323,23,899387,213.45,564.39,25
3/24/2025,20250324,0,899387,132.423,359.68,12
3/24/2025,20250324,1,899387,147.74,401.8,16
3/24/2025,20250324,2,899387,108.387,293.44,11
3/24/2025,20250324,3,899387,31.813,81.48,6
3/24/2025,20250324,4,899387,164.043,445.42,18
3/24/2025,20250324,5,899387,208.081,521.39,23
3/24/2025,20250324,6,899387,607.156,1616.95,47
3/24/2025,20250324,7,899387,867.544,2347.8,63
3/24/2025,20250324,8,899387,602.071,1631.09,44
3/24/2025,20250324,9,899387,460.319,1239.13,47
3/24/2025,20250324,10,899387,665.65,1843.12,58
3/24/2025,20250324,11,899387,1026.612,2818.42,81
3/24/2025,20250324,12,899387,955.215,2634.9,87
3/24/2025,20250324,13,899387,805.982,2202.78,72
3/24/2025,20250324,14,899387,589.686,1615.84,59
3/24/2025,20250324,15,899387,816.665,2201.26,78
3/24/2025,20250324,16,899387,878.428,2362.09,85
3/24/2025,20250324,17,899387,1386.29,3777.96,112
3/24/2025,20250324,18,899387,899.674,2485.71,81
3/24/2025,20250324,19,899387,568.505,1539.84,51
3/24/2025,20250324,20,899387,488.874,1314.68,51
3/24/2025,20250324,21,899387,355.333,1014.25,33
3/24/2025,20250324,22,899387,332.116,915.68,34
3/24/2025,20250324,23,899387,277.122,754.7,30
3/25/2025,20250325,0,899387,251.095,729.94,16
3/25/2025,20250325,1,899387,47.667,140.13,6
3/25/2025,20250325,2,899387,68.202,192.97,9
3/25/2025,20250325,3,899387,102.53,291.59,11
3/25/2025,20250325,4,899387,98.324,267.93,10
3/25/2025,20250325,5,899387,340.08,937.78,29
3/25/2025,20250325,6,899387,519.314,1393.01,35
3/25/2025,20250325,7,899387,666.505,1859.48,48
3/25/2025,20250325,8,899387,854.665,2361.56,68
3/25/2025,20250325,9,899387,503.171,1366.91,50
3/25/2025,20250325,10,899387,707.496,1956.92,62
3/25/2025,20250325,11,899387,911.86,2469.69,78
3/25/2025,20250325,12,899387,772.664,2139.35,71
3/25/2025,20250325,13,899387,806.805,2170.63,71
3/25/2025,20250325,14,899387,759.447,2075.73,67
3/25/2025,20250325,15,899387,683.136,1841.04,69
3/25/2025,20250325,16,899387,850.856,2213.48,86
3/25/2025,20250325,17,899387,875.007,2272.15,74
3/25/2025,20250325,18,899387,708.845,1943.2,61
3/25/2025,20250325,19,899387,546.376,1449.97,52
3/25/2025,20250325,20,899387,544.535,1469.37,51
3/25/2025,20250325,21,899387,470.381,1308.8,48
3/25/2025,20250325,22,899387,319.708,891.74,36
3/25/2025,20250325,23,899387,207.562,554.95,24
3/26/2025,20250326,0,899387,125.411,341.68,13
3/26/2025,20250326,1,899387,99.403,267.18,12
3/26/2025,20250326,2,899387,48.233,138.78,6
3/26/2025,20250326,3,899387,118.367,336.36,12
3/26/2025,20250326,4,899387,108.065,299.87,15
3/26/2025,20250326,5,899387,278.013,763.17,27
3/26/2025,20250326,6,899387,680.142,1911.22,51
3/26/2025,20250326,7,899387,865.109,2407.09,65
3/26/2025,20250326,8,899387,820.233,2198.69,64
3/26/2025,20250326,9,899387,561.697,1617.67,50
3/26/2025,20250326,10,899387,570.765,1644.85,52
3/26/2025,20250326,11,899387,828.373,2340.25,75
3/26/2025,20250326,12,899387,818.326,2296.62,73
3/26/2025,20250326,13,899387,723.848,2018.17,65
3/26/2025,20250326,14,899387,819.244,2316.08,77
3/26/2025,20250326,15,899387,778.526,2157.15,69
3/26/2025,20250326,16,899387,1025.913,2875.66,91
3/26/2025,20250326,17,899387,1072.684,3017.65,93
3/26/2025,20250326,18,899387,926.451,2645.04,86
3/26/2025,20250326,19,899387,647.286,1800.62,65
3/26/2025,20250326,20,899387,522.166,1461.27,52
3/26/2025,20250326,21,899387,480.533,1334.16,49
3/26/2025,20250326,22,899387,378.779,1062.39,37
3/26/2025,20250326,23,899387,183.323,525.88,21
3/27/2025,20250327,0,899387,106.712,298.22,13
3/27/2025,20250327,1,899387,105.525,293.14,10
3/27/2025,20250327,2,899387,115.437,306.78,11
3/27/2025,20250327,3,899387,81.147,221.65,11
3/27/2025,20250327,4,899387,109.14,300.23,12
3/27/2025,20250327,5,899387,216.647,620.39,27
3/27/2025,20250327,6,899387,741.531,2122.66,49
3/27/2025,20250327,7,899387,714.95,2041.69,53
3/27/2025,20250327,8,899387,670.836,1885.24,51
3/27/2025,20250327,9,899387,454.87,1279.19,42
3/27/2025,20250327,10,899387,494.132,1378.97,44
3/27/2025,20250327,11,899387,794.5,2218.06,73
3/27/2025,20250327,12,899387,1052.277,3018.22,90
3/27/2025,20250327,13,899387,911.748,2573.24,82
3/27/2025,20250327,14,899387,819.647,2319.87,75
3/27/2025,20250327,15,899387,854.047,2425.82,82
3/27/2025,20250327,16,899387,988.253,2794.33,96
3/27/2025,20250327,17,899387,1168.569,3304.41,103
3/27/2025,20250327,18,899387,504.122,1401.55,51
3/27/2025,20250327,19,899387,358.866,1024.93,39
3/27/2025,20250327,20,899387,438.151,1234.88,47
3/27/2025,20250327,21,899387,417.488,1180.13,36
3/27/2025,20250327,22,899387,324.148,896.94,36
3/27/2025,20250327,23,899387,244.612,696.56,29
3/28/2025,20250328,0,899387,133.267,367.33,16
3/28/2025,20250328,1,899387,80.018,237.35,7
3/28/2025,20250328,2,899387,32.166,103.12,3
3/28/2025,20250328,3,899387,92.658,258.51,11
3/28/2025,20250328,4,899387,109.126,307.09,16
3/28/2025,20250328,5,899387,252.72,678.42,28
3/28/2025,20250328,6,899387,475.787,1314.22,43
3/28/2025,20250328,7,899387,813.794,2299.34,66
3/28/2025,20250328,8,899387,808.861,2266.88,68
3/28/2025,20250328,9,899387,599.872,1649.79,54
3/28/2025,20250328,10,899387,610.591,1734.43,57
3/28/2025,20250328,11,899387,771.767,2155.68,72
3/28/2025,20250328,12,899387,1067.257,2987.72,90
3/28/2025,20250328,13,899387,868.539,2436.48,75
3/28/2025,20250328,14,899387,877.654,2513.12,77
3/28/2025,20250328,15,899387,803.817,2252.64,77
3/28/2025,20250328,16,899387,1071.686,3014.91,92
3/28/2025,20250328,17,899387,906.745,2503.01,92
3/28/2025,20250328,18,899387,747.499,2068.24,80
3/28/2025,20250328,19,899387,610.909,1734.38,59
3/28/2025,20250328,20,899387,526.034,1503.64,51
3/28/2025,20250328,21,899387,333.945,935.78,38
3/28/2025,20250328,22,899387,412.021,1135.5,39
3/28/2025,20250328,23,899387,308.612,831.2,30
3/29/2025,20250329,0,899387,238.644,665.45,21
3/29/2025,20250329,1,899387,105.154,283.57,11
3/29/2025,20250329,2,899387,77.464,207.56,12
3/29/2025,20250329,3,899387,185.768,512.5,20
3/29/2025,20250329,4,899387,141.321,387.96,12
3/29/2025,20250329,5,899387,66.489,176.5,9
3/29/2025,20250329,6,899387,316.668,935.78,20
3/29/2025,20250329,7,899387,464.907,1319.11,38
3/29/2025,20250329,8,899387,299.906,831.75,30
3/29/2025,20250329,9,899387,711.098,1991.17,60
3/29/2025,20250329,10,899387,915.404,2553.59,80
3/29/2025,20250329,11,899387,811.138,2271.41,77
3/29/2025,20250329,12,899387,742.385,2102.12,67
3/29/2025,20250329,13,899387,1076.985,3022.8,92
3/29/2025,20250329,14,899387,1011.069,2832.12,97
3/29/2025,20250329,15,899387,866.121,2367.39,78
3/29/2025,20250329,16,899387,986.106,2711.59,90
3/29/2025,20250329,17,899387,698.845,1935.87,72
3/29/2025,20250329,18,899387,533.725,1527.22,57
3/29/2025,20250329,19,899387,456.367,1262.78,51
3/29/2025,20250329,20,899387,614.648,1722.94,58
3/29/2025,20250329,21,899387,359.596,989.16,38
3/29/2025,20250329,22,899387,331.669,914.79,32
3/29/2025,20250329,23,899387,194.867,519.35,27
3/30/2025,20250330,0,899387,193.606,537.41,25
3/30/2025,20250330,1,899387,115.647,304.01,10
3/30/2025,20250330,2,899387,93.772,263.83,13
3/30/2025,20250330,3,899387,56.552,151.08,7
3/30/2025,20250330,4,899387,103.834,305.65,8
3/30/2025,20250330,5,899387,121.494,318.68,11
3/30/2025,20250330,6,899387,103.825,299.1,13
3/30/2025,20250330,7,899387,289.891,857.63,25
3/30/2025,20250330,8,899387,410.574,1149.36,36
3/30/2025,20250330,9,899387,522.771,1452.79,55
3/30/2025,20250330,10,899387,479.923,1352.65,53
3/30/2025,20250330,11,899387,814.17,2257.14,70
3/30/2025,20250330,12,899387,915.309,2595.1,82
3/30/2025,20250330,13,899387,847.669,2374.9,84
3/30/2025,20250330,14,899387,789.627,2178.65,80
3/30/2025,20250330,15,899387,739.675,2139.93,66
3/30/2025,20250330,16,899387,755.62,2111.48,70
3/30/2025,20250330,17,899387,598.195,1644.14,53
3/30/2025,20250330,18,899387,715.637,1992.11,72
3/30/2025,20250330,19,899387,523.885,1481.38,53
3/30/2025,20250330,20,899387,503.573,1398.14,47
3/30/2025,20250330,21,899387,464.026,1334.04,43
3/30/2025,20250330,22,899387,390.484,1087.92,43
3/30/2025,20250330,23,899387,203.847,560.9,24
3/31/2025,20250331,0,899387,142.003,400.49,14
3/31/2025,20250331,1,899387,49.118,145.02,7
3/31/2025,20250331,2,899387,70.264,204.06,10
3/31/2025,20250331,3,899387,59.656,167.53,7
3/31/2025,20250331,4,899387,125.519,345.2,16
3/31/2025,20250331,5,899387,281.481,768.08,26
3/31/2025,20250331,6,899387,659.544,1806.13,53
3/31/2025,20250331,7,899387,844.712,2387.23,63
3/31/2025,20250331,8,899387,635.629,1802.77,56
3/31/2025,20250331,9,899387,643.641,1841.47,55
3/31/2025,20250331,10,899387,562.101,1556.78,50
3/31/2025,20250331,11,899387,867.108,2442.94,75
3/31/2025,20250331,12,899387,979.369,2750.76,88
3/31/2025,20250331,13,899387,880.398,2464.88,77
3/31/2025,20250331,14,899387,740.517,2012.22,71
3/31/2025,20250331,15,899387,810.439,2249.53,67
3/31/2025,20250331,16,899387,958.6,2652.73,87
3/31/2025,20250331,17,899387,915.458,2551.03,76
3/31/2025,20250331,18,899387,1030.143,2880.54,91
3/31/2025,20250331,19,899387,677.056,1908.77,65
3/31/2025,20250331,20,899387,646.008,1793.23,60
3/31/2025,20250331,21,899387,487.235,1335.01,51
3/31/2025,20250331,22,899387,314.482,884.9,33
3/31/2025,20250331,23,899387,296.845,818.2,35
4/1/2025,20250401,0,899387,173.976,496.09,21
4/1/2025,20250401,1,899387,111.7,298.55,11
4/1/2025,20250401,2,899387,89.596,252.4,10
4/1/2025,20250401,3,899387,82.059,221.67,8
4/1/2025,20250401,4,899387,180.854,482.05,18
4/1/2025,20250401,5,899387,366.265,982.47,36
4/1/2025,20250401,6,899387,500.276,1371.79,44
4/1/2025,20250401,7,899387,709.432,1952.74,63
4/1/2025,20250401,8,899387,872.75,2415.27,73
4/1/2025,20250401,9,899387,628.247,1790.09,57
4/1/2025,20250401,10,899387,713.499,1978.07,59
4/1/2025,20250401,11,899387,1142.529,3147.45,91
4/1/2025,20250401,12,899387,1199.86,3260.37,91
4/1/2025,20250401,13,899387,761.658,2129.78,67
4/1/2025,20250401,14,899387,776.843,2185.2,63
4/1/2025,20250401,15,899387,1125.328,3158.94,92
4/1/2025,20250401,16,899387,1040.963,2753.7,94
4/1/2025,20250401,17,899387,1199.802,3272.67,109
4/1/2025,20250401,18,899387,1230.586,3402.33,111
4/1/2025,20250401,19,899387,733.978,2025.55,73
4/1/2025,20250401,20,899387,672.055,1847.37,59
4/1/2025,20250401,21,899387,419.531,1177.75,42
4/1/2025,20250401,22,899387,320.026,893.03,37
4/1/2025,20250401,23,899387,154.297,412.75,19
4/2/2025,20250402,0,899387,95.767,261.65,14
4/2/2025,20250402,1,899387,69.348,189.58,10
4/2/2025,20250402,2,899387,100.542,272.62,9
4/2/2025,20250402,3,899387,55.587,156.96,8
4/2/2025,20250402,4,899387,93.708,259.12,9
4/2/2025,20250402,5,899387,230.539,627.5,26
4/2/2025,20250402,6,899387,512.86,1406.12,46
4/2/2025,20250402,7,899387,1042.44,2952.64,77
4/2/2025,20250402,8,899387,793.188,2248.71,64
4/2/2025,20250402,9,899387,614.768,1795.36,54
4/2/2025,20250402,10,899387,659.827,1880.27,63
4/2/2025,20250402,11,899387,923.688,2645.31,85
4/2/2025,20250402,12,899387,935.314,2659.3,84
4/2/2025,20250402,13,899387,863.719,2418.9,77
4/2/2025,20250402,14,899387,940.633,2694.27,83
4/2/2025,20250402,15,899387,1071.856,2980.2,89
4/2/2025,20250402,16,899387,1063.479,2969.46,93
4/2/2025,20250402,17,899387,1051.903,2938.34,93
4/2/2025,20250402,18,899387,794.291,2213.45,79
4/2/2025,20250402,19,899387,733.798,2112.97,69
4/2/2025,20250402,20,899387,564.556,1551.71,58
4/2/2025,20250402,21,899387,464.327,1331.56,50
4/2/2025,20250402,22,899387,410.976,1130.7,46
4/2/2025,20250402,23,899387,153.902,431.32,19
4/3/2025,20250403,0,899387,129.115,360.74,19
4/3/2025,20250403,1,899387,82.542,222.52,10
4/3/2025,20250403,2,899387,56.113,153.25,6
4/3/2025,20250403,3,899387,72.356,208.02,8
4/3/2025,20250403,4,899387,66.88,184.21,12
4/3/2025,20250403,5,899387,365.378,1046.23,38
4/3/2025,20250403,6,899387,563.672,1573.49,48
4/3/2025,20250403,7,899387,840.438,2401.14,65
4/3/2025,20250403,8,899387,792.154,2288.03,74
4/3/2025,20250403,9,899387,729.461,2045.93,62
4/3/2025,20250403,10,899387,662.53,1870.58,68
4/3/2025,20250403,11,899387,814.179,2273,75
4/3/2025,20250403,12,899387,905.04,2521.48,81
4/3/2025,20250403,13,899387,819.118,2326.42,75
4/3/2025,20250403,14,899387,775.211,2167.95,72
4/3/2025,20250403,15,899387,873.32,2435.88,78
4/3/2025,20250403,16,899387,1088.246,3063.97,100
4/3/2025,20250403,17,899387,1170.77,3318.36,101
4/3/2025,20250403,18,899387,1060.971,2968.89,92
4/3/2025,20250403,19,899387,668.497,1883.65,67
4/3/2025,20250403,20,899387,623.348,1756.95,64
4/3/2025,20250403,21,899387,555.048,1549.09,55
4/3/2025,20250403,22,899387,296.287,805.41,29
4/3/2025,20250403,23,899387,201.998,563.3,24
4/4/2025,20250404,0,899387,192.751,569.26,23
4/4/2025,20250404,1,899387,75.868,214.24,8
4/4/2025,20250404,2,899387,76.797,209.14,8
4/4/2025,20250404,3,899387,86.606,236.83,9
4/4/2025,20250404,4,899387,164.216,444.57,18
4/4/2025,20250404,5,899387,278.711,763.73,27
4/4/2025,20250404,6,899387,602.605,1762.9,42
4/4/2025,20250404,7,899387,848.803,2341.55,68
4/4/2025,20250404,8,899387,983.182,2754.4,75
4/4/2025,20250404,9,899387,610.355,1727.62,59
4/4/2025,20250404,10,899387,850.108,2416.77,69
4/4/2025,20250404,11,899387,778.436,2223.61,70
4/4/2025,20250404,12,899387,853.844,2395.65,75
4/4/2025,20250404,13,899387,778.096,2194.34,72
4/4/2025,20250404,14,899387,950.607,2670.59,85
4/4/2025,20250404,15,899387,830.144,2333.49,76
4/4/2025,20250404,16,899387,1260.275,3638.06,106
4/4/2025,20250404,17,899387,790.198,2213.04,74
4/4/2025,20250404,18,899387,717.437,2049.64,74
4/4/2025,20250404,19,899387,484.045,1371.82,46
4/4/2025,20250404,20,899387,503.444,1423.38,48
4/4/2025,20250404,21,899387,476.954,1343.52,54
4/4/2025,20250404,22,899387,407.118,1138.4,40
4/4/2025,20250404,23,899387,239.648,687.97,30
4/5/2025,20250405,0,899387,115.937,330.6,15
4/5/2025,20250405,1,899387,239.19,669.69,23
4/5/2025,20250405,2,899387,66.419,178.89,8
4/5/2025,20250405,3,899387,67.266,193.39,11
4/5/2025,20250405,4,899387,194.976,541.86,21
4/5/2025,20250405,5,899387,136.667,386.74,16
4/5/2025,20250405,6,899387,279.568,805.09,20
4/5/2025,20250405,7,899387,595.054,1715.67,40
4/5/2025,20250405,8,899387,452.777,1268.18,43
4/5/2025,20250405,9,899387,603.081,1729.74,58
4/5/2025,20250405,10,899387,719.392,2031.63,65
4/5/2025,20250405,11,899387,826.312,2376.81,72
4/5/2025,20250405,12,899387,944.281,2679.14,88
4/5/2025,20250405,13,899387,830.107,2329.13,75
4/5/2025,20250405,14,899387,790.899,2229.83,70
4/5/2025,20250405,15,899387,678.938,1937.18,64
4/5/2025,20250405,16,899387,739.893,2141.98,64
4/5/2025,20250405,17,899387,639.634,1816.05,64
4/5/2025,20250405,18,899387,474.179,1328.34,50
4/5/2025,20250405,19,899387,492.741,1408.43,51
4/5/2025,20250405,20,899387,429.059,1180.56,44
4/5/2025,20250405,21,899387,338.564,985.66,35
4/5/2025,20250405,22,899387,296.268,798.79,37
4/5/2025,20250405,23,899387,337.12,932.11,34
4/6/2025,20250406,0,899387,99.049,273.15,14
4/6/2025,20250406,1,899387,97.454,256.2,13
4/6/2025,20250406,2,899387,94.068,280.1,11
4/6/2025,20250406,3,899387,91.174,243.9,11
4/6/2025,20250406,4,899387,83.625,235.93,10
4/6/2025,20250406,5,899387,62.427,174.63,8
4/6/2025,20250406,6,899387,163.478,481.82,20
4/6/2025,20250406,7,899387,164.147,458.68,14
4/6/2025,20250406,8,899387,289.019,814.81,32
4/6/2025,20250406,9,899387,488.519,1369.54,42
4/6/2025,20250406,10,899387,610.139,1742.08,64
4/6/2025,20250406,11,899387,647.721,1834.9,66
4/6/2025,20250406,12,899387,879.814,2524.01,79
4/6/2025,20250406,13,899387,739.1,2137.05,75
4/6/2025,20250406,14,899387,808.521,2276.39,78
4/6/2025,20250406,15,899387,621.379,1766.01,61
4/6/2025,20250406,16,899387,638.948,1793.16,69
4/6/2025,20250406,17,899387,712.263,2032.83,69
4/6/2025,20250406,18,899387,578.526,1699.61,53
4/6/2025,20250406,19,899387,563.706,1607.09,57
4/6/2025,20250406,20,899387,496.548,1389.25,50
4/6/2025,20250406,21,899387,383.185,1114.9,32
4/6/2025,20250406,22,899387,341.231,969.16,32
4/6/2025,20250406,23,899387,233.326,657.14,24
4/7/2025,20250407,0,899387,173.972,486.78,19
4/7/2025,20250407,1,899387,69.882,214.59,7
4/7/2025,20250407,2,899387,68.005,192.36,8
4/7/2025,20250407,3,899387,61.773,179.53,9
4/7/2025,20250407,4,899387,142.235,401.36,14
4/7/2025,20250407,5,899387,315.318,849.59,29
4/7/2025,20250407,6,899387,739.096,2099.4,50
4/7/2025,20250407,7,899387,802.053,2321.34,52
4/7/2025,20250407,8,899387,834.112,2343.65,66
4/7/2025,20250407,9,899387,534.936,1516.35,48
4/7/2025,20250407,10,899387,560.102,1627.28,51
4/7/2025,20250407,11,899387,936.432,2680.79,80
4/7/2025,20250407,12,899387,810.603,2350.79,80
4/7/2025,20250407,13,899387,803.256,2279.11,72
4/7/2025,20250407,14,899387,845.441,2364.88,73
4/7/2025,20250407,15,899387,688.684,1933.78,64
4/7/2025,20250407,16,899387,941.293,2647.45,89
4/7/2025,20250407,17,899387,767.426,2129.12,75
4/7/2025,20250407,18,899387,946.854,2668.7,86
4/7/2025,20250407,19,899387,645.633,1806.9,61
4/7/2025,20250407,20,899387,527.028,1509.79,50
4/7/2025,20250407,21,899387,540.89,1525.9,53
4/7/2025,20250407,22,899387,198.262,539.11,24
4/7/2025,20250407,23,899387,270.444,746.42,31
4/8/2025,20250408,0,899387,55.202,157.7,4
4/8/2025,20250408,1,899387,54.999,148.44,5
4/8/2025,20250408,2,899387,52.516,152.63,5
4/8/2025,20250408,3,899387,90.097,239.42,10
4/8/2025,20250408,4,899387,75.229,210.33,11
4/8/2025,20250408,5,899387,289.641,791.38,29
4/8/2025,20250408,6,899387,479.168,1327.67,44
4/8/2025,20250408,7,899387,996.441,2883.99,66
4/8/2025,20250408,8,899387,716.292,2000.07,58
4/8/2025,20250408,9,899387,718.33,2092.1,58
4/8/2025,20250408,10,899387,580.844,1632.56,60
4/8/2025,20250408,11,899387,773.541,2164.36,71
4/8/2025,20250408,12,899387,905.559,2578.52,79
4/8/2025,20250408,13,899387,732.967,2075.9,66
4/8/2025,20250408,14,899387,678.617,1896.36,61
4/8/2025,20250408,15,899387,656.744,1844.94,58
4/8/2025,20250408,16,899387,685.678,1962.45,63
4/8/2025,20250408,17,899387,1017.321,2785.99,89
4/8/2025,20250408,18,899387,704.069,1996.9,70
4/8/2025,20250408,19,899387,686.158,1926.04,64
4/8/2025,20250408,20,899387,159.577,445.44,19
4/8/2025,20250408,21,899387,13.426,35.58,1
